,cr1-cr-other,cr2-cr-other,cr3-cr-other,cr3-i2,cr3-i3,cr4-cr-other,cr5-cr-other,cr5-i1,cr5-i5,cr5-i9,cr6-i1,"ft1-ft-other::
# of people wanted","ft2-ft-other::
name of team","ft3-ft-other::
team project focus","ft4-ft-other::
team project technology","ft5-i1::
front end wanted","ft5-i2::
back end wanted","ft5-i3::
data scientist wanted","ft5-i4::
designer wanted","ft5-i5::
ios person wanted","ft5-i6::
other roles wanted","ft5-i7::
web dev wanted","ft6-ft-other::
team project experience","ft7-ft-other::
team emails","q1-i10::
fashion","q1-i11::
sports","q1-i12::
arts","q1-i1::
finance","q1-i2::
politics","q1-i3::
health","q1-i4::
travel","q1-i5::
entertainment","q1-i6::
music","q1-i7::
economics","q1-i8::
social issues","q1-i9::
gaming","q1-other::
other interest","q2-i1::
front end engineer","q2-i2::
back end engineer","q2-i3::
data scientist","q2-i4::
designer","q2-i5::
ios","q2-i6::
andriod","q2-other::
other role","q3-i10::
game dev","q3-i1::
web app dev","q3-i2::
mobile app dev","q3-i3::
data mining","q3-i4::
machine intel","q3-i5::
computer networks","q3-i6::
algorithm design","q3-i7::
vr/ar","q3-i8::
hardware","q3-i9::
IoT","q3-other::
other experience","q4-i10::
scala","q4-i1::
html","q4-i2::
js","q4-i3::
java","q4-i4::
c++","q4-i5::
python","q4-i6::
ruby","q4-i7::
c#","q4-i8::
sql","q4-i9::
swift","q4-other::
other languages","q5-i1::
communication skills","q5-i2::
design skills","q5-i3::
presentation skills","q5-i4::
project management skills","q6-i1::
have fun","q6-i2::
learn tech","q6-i3::
win","q6-i4::
socialize","q7-i1::
great code","q7-i2::
great concept","q7-i3::
great design","q7-i4::
great presentation","team join::
if want to join a team","team::
if have team","teammates::
if looking for teammate",uid
0,,Test please ignore,test please ignore,,,Test Please ignore,test please ignore,,,,Some experience,,,,,,,,,,,,,,,,,,,,,,,,,,,,,,,,,,,,,,,,,,,,,,,,,,,,,,,,,,,,,,,,,,,,,,,59cbeb8626f0a206c2697897
1,,,,,,,,,,,,,,,,,,,,,,,,,,,,,,,,,,,,,,,,,,,,,,Completed multiple projects/courses,Completed one project/course,Completed multiple projects/courses,Completed multiple projects/courses,Some experience,Some experience,,,,,,Completed multiple projects/courses,Completed multiple projects/courses,Completed multiple projects/courses,Some experience,Completed multiple projects/courses,Completed multiple projects/courses,Some experience,Completed multiple projects/courses,,,3,3,3,4,4,4,5,5,4,5,3,3,,,,59cde708ca869411de5a75c4
2,,,,,,,,,,,,,,,,,,,,,,,,,Fashion,Sports,,Finance,,,Travel,Entertainment,Music,,,Gaming,,,,,Designer,,,,,,,,,,,,,,,,Some experience,Some experience,,,Some experience,Some experience,,,,,5,3,4,4,5,5,3,5,4,5,5,5,true,false,,59ce5da5ca869411de5a75cd
3,,,,,,,,,,,,,,,,,,,,,,,,,,,,,,,,,Music,,,,,,,,,,,,,,,,,,No experience,,,,,,Some experience,,Completed one project/course,,Completed one project/course,,,,,,,,,,2,3,,,,,,,,true,false,59cecbe7ca869411de5a75de
4,,,,,,,,,,,,,,,,,,,,,,,,,,,Arts,Finance,,,Travel,,Music,,,Gaming,,,Back-end Engineer,,,,,,,Some experience,,,,Some experience,Completed one project/course,,Some experience,,,,Completed multiple projects/courses,Some experience,Completed multiple projects/courses,Some experience,Completed one project/course,,,Some experience,,,3,3,2,2,5,5,,5,3,4,3,3,,,,59cee716ca869411de5a75e2
5,,,,,,,,,,,,,,,,,,,,,,,,,,Sports,,,,Health,,,,,,,,,,,,,,,,,,,,,,,,,,,,,Completed one project/course,Some experience,Some experience,,,,,,3,,3,2,4,4,2,3,3,4,4,2,,false,,59cef8aaca869411de5a75ea
6,,,,,,,,,,,,,,,,,,,,,,,,,,,,Finance,,,,,Music,,,Gaming,,Front-end Engineer,,,,,,,,,,,,,,,,,,,,,Some experience,Some experience,,,,,,,5,3,4,4,3,4,2,3,4,4,3,4,true,false,,59cefa09ca869411de5a75f3
7,,,,,,,,,,,,,,,,,,,,,,,,,,,,,,,,,,,,,,,,,,,,,,Some experience,,Some experience,,,,,,,,,Some experience,,Some experience,,,,,,,,3,2,4,3,3,5,4,5,4,5,4,5,,,,59cefd67ca869411de5a75fe
8,,,,,,,,,,,,,,,,,,,,,,,,,,,Arts,,,Health,Travel,Entertainment,Music,,Social Issues,,,Front-end Engineer,Back-end Engineer,,,,,,,Completed one project/course,,,,,Some experience,,,,,,Completed multiple projects/courses,Completed one project/course,Some experience,No experience,Completed one project/course,,,,,,3,2,2,2,5,5,5,5,4,5,4,4,true,false,,59cefdf0ca869411de5a7602
9,,,,,,,,,,,,,,,,,,,,,,,,,,,,,,,,,,,,,,,,,,,,,,,,,,,,,,,,,,,,,Some experience,,,,,,3,3,3,4,4,4,2,4,3,5,4,3,,,,59cf055dca869411de5a7616
10,,,,,,,,,,,,,,,,,,,,,,,,,,,,,Politics,,Travel,,,,Social Issues,Gaming,,,,,,,,I have no idea. I'm not good at any particular thing. Speaker/Presenter maybe? Or I'll just be there for moral support.,,,,,,,,Some experience,,,,,,Some experience,,,Some experience,,,,,,2,3,3,4,4,2,,2,,5,4,3,true,false,,59cf05a0ca869411de5a7617
11,,,,,,,,,,,,,,,,,,,,,,,,,,,,Finance,Politics,Health,,,,Economics,Social Issues,,,Front-end Engineer,Back-end Engineer,,,,,,,Completed multiple projects/courses,,,,,,,,,,,Some experience,Some experience,,,Some experience,Completed multiple projects/courses,,Some experience,,,4,1,3,3,3,4,2,5,3,4,2,4,true,false,,59cf07c3ca869411de5a761d
12,,,,,,,,,,,,,,,,,,,,,,,,,,,,,,,,,,,,,,,,Data Scientist,Designer,,,Business,,,,Completed one project/course,,,,,,Completed one project/course,,,,,,,,,,,,,4,4,5,5,5,4,3,5,,4,4,4,true,false,,59cf0915ca869411de5a7620
13,,,,,,,,,,,,,,,,,,,,,,,,,Fashion,,Arts,,,,,Entertainment,Music,,,Gaming,,,Back-end Engineer,Data Scientist,Designer,,,,Some experience,Some experience,,Some experience,,Some experience,Completed one project/course,,,,,,,,Completed multiple projects/courses,Completed one project/course,,,Completed one project/course,,,,4,4,3,3,4,5,3,4,,,,,false,false,,59cf0c54ca869411de5a7626
14,,,,,,,,,,,,,,,,,,,,,,,,,,Sports,,,,,,,,Economics,,Gaming,,,Back-end Engineer,Data Scientist,,,Android,,,Some experience,Some experience,Completed one project/course,,Some experience,Completed one project/course,,,,,,,,Completed multiple projects/courses,,Completed multiple projects/courses,,,Completed one project/course,,,4,2,2,4,5,4,2,5,4,5,3,3,true,false,,59cf10f9ca869411de5a762c
15,,,,,,,,,,,,,,,,,,,,,,,,,,,,Finance,,Health,,,,,Social Issues,Gaming,,Front-end Engineer,Back-end Engineer,Data Scientist,,,,,No experience,Completed multiple projects/courses,,Completed multiple projects/courses,Completed one project/course,Some experience,Some experience,No experience,Completed one project/course,Some experience,,,Completed multiple projects/courses,Completed multiple projects/courses,,Completed one project/course,Completed multiple projects/courses,,,Some experience,,,5,4,3,3,5,5,1,5,5,5,4,4,true,false,,59cf14b9ca869411de5a7633
16,,,,,,,,,,,,,,,,,,,,,,,,,,,,,,Health,Travel,,,,Social Issues,Gaming,Research,,Back-end Engineer,,,,Android,,,No experience,Completed one project/course,No experience,,,Completed one project/course,,Completed multiple projects/courses,No experience,,,,,Completed one project/course,Completed one project/course,Completed one project/course,,,,,,3,3,3,3,5,5,5,5,5,5,5,5,true,false,,59cf1e6eca869411de5a763d
17,,,,,,,,,,,,2,Team Snorlax,TBA,just the web! :),,Back-end Engineer,Data Scientist,,,,none!,"One team member is experienced in web dev but not backend, and the other is a beginner with experience in animation.",59d034fac8bca053d261c476,,,Arts,,,,,Entertainment,,Economics,,Gaming,Education,Front-end Engineer,,,Designer,,,,Some experience,Completed multiple projects/courses,,,,,,Some experience,,,,,Completed multiple projects/courses,Completed multiple projects/courses,Completed one project/course,Some experience,,,No experience,,,,4,4,4,3,5,5,5,5,4,4,4,4,true,true,true,59cf29e1ca869411de5a7644
18,,,,,,,,,,,,,,,,,,,,,,,,,,Sports,,,,Health,,,,,,Gaming,,,Back-end Engineer,,,,,,,Completed multiple projects/courses,,,,,Some experience,Some experience,,Some experience,,,Completed multiple projects/courses,Completed multiple projects/courses,Completed multiple projects/courses,,Completed one project/course,,Completed one project/course,Completed one project/course,,,4,3,3,3,4,4,4,4,3,4,3,4,,true,false,59cf3b35ca869411de5a7649
19,,,,,,,,,,,,,,,,,,,,,,,,,,,Arts,,,,,Entertainment,Music,Economics,,Gaming,,,,,,,,Unsure,,,,,,,,,,,,,Some experience,,Completed one project/course,,,,,,,,3,3,2,4,4,4,2,,4,5,4,3,,false,,59cf405cca869411de5a764a
20,,,,,,,,,,,,,,,,,,,,,,,,,,,,,,,,Entertainment,,,,Gaming,,Front-end Engineer,Back-end Engineer,,Designer,,,,Completed multiple projects/courses,,,,,,Some experience,,,,,,,,Completed multiple projects/courses,Some experience,Some experience,,Some experience,,,,4,3,3,3,5,5,2,3,3,4,3,3,,true,false,59cf45c9ca869411de5a764b
21,,,,,,,,,,,,,,,,,,,,,,,,,,,,,,,Travel,Entertainment,,,,Gaming,,Front-end Engineer,Back-end Engineer,,Designer,iOS,Android,,,,,,,,Some experience,,Some experience,,,,,,,Completed one project/course,Completed one project/course,,,,,,4,4,4,3,5,5,,5,5,5,5,4,true,false,,59cf4709ca869411de5a764c
22,,,,,,,,,,,,,,,,,,,,,,,,,,,,Finance,,,,,,Economics,Social Issues,,Blockchain,Front-end Engineer,,Data Scientist,,,,,,,,Completed one project/course,Some experience,,,,Some experience,,,,Completed multiple projects/courses,Completed one project/course,,,Some experience,,,,,,5,4,5,5,5,4,5,5,4,4,3,3,true,false,,59cfb64fca869411de5a7657
23,,,,,,,,,,,,,,,,,,,,,,,,,,,Arts,Finance,,Health,Travel,Entertainment,Music,Economics,Social Issues,,,Front-end Engineer,,,,,,,,Completed one project/course,,,,,,,,,,,Completed one project/course,,,,,,,,,,3,2,2,4,5,5,3,5,4,4,4,4,true,false,,59cfc028ca869411de5a765d
24,,,,,,,,,,,,,,,,,,,,,,,,,Fashion,Sports,Arts,,,,Travel,Entertainment,Music,Economics,Social Issues,Gaming,,,,Data Scientist,,,,,,Some experience,Completed one project/course,Completed multiple projects/courses,Completed one project/course,Some experience,Some experience,,Completed multiple projects/courses,Completed multiple projects/courses,,,Some experience,,,Completed multiple projects/courses,Completed multiple projects/courses,,,Completed one project/course,,R,2,4,3,4,4,5,3,4,3,4,4,4,,false,,59cfd239ca869411de5a7664
25,,,,,,,,,,,,,,,,,,,,,,,,,,Sports,,,,,,,Music,,,,,,,Data Scientist,,,,,,Completed one project/course,Completed one project/course,Some experience,Completed one project/course,Some experience,Completed one project/course,,,,,,Completed multiple projects/courses,Completed one project/course,Completed multiple projects/courses,Completed multiple projects/courses,Some experience,,,Completed multiple projects/courses,,,4,3,3,3,4,4,3,4,3,4,4,3,true,false,,59cfd7f5ca869411de5a7667
26,,,,,,,,,,,,,,,,,,,,,,,,,,,,Finance,,,,,,,,,,,Back-end Engineer,Data Scientist,,,,,,Some experience,Some experience,Some experience,Some experience,,Completed one project/course,,,,,,Some experience,Completed one project/course,Some experience,Some experience,Completed multiple projects/courses,,,Completed multiple projects/courses,,,5,4,4,4,5,4,5,5,4,5,4,3,true,false,,59cfd8f6ca869411de5a7669
27,,,,,,,,,,,,2,None yet,,,,,,,,,,,,,Sports,Arts,,,Health,Travel,Entertainment,Music,,Social Issues,Gaming,,,Back-end Engineer,,Designer,,,,,Completed multiple projects/courses,,Some experience,Some experience,,Completed one project/course,,,,,,Completed multiple projects/courses,Completed multiple projects/courses,Completed multiple projects/courses,,Completed one project/course,,,Completed multiple projects/courses,,,5,4,5,4,3,5,5,4,5,5,5,5,,true,true,59cfdb27ca869411de5a766c
28,,,,,,,,,,,,,,,,,,,,,,,,,,Sports,,,,,,,Music,,,Gaming,,,,,Designer,,,,Some experience,,,,Some experience,Some experience,Some experience,,Some experience,Some experience,,,,No experience,Completed one project/course,Completed one project/course,Some experience,,,,,,4,3,3,3,5,5,2,,4,5,4,4,,true,false,59cfeda9c8bca053d261c437
29,,,,,,,,,,,,,,,,,,,,,,,,,,Sports,,Finance,,,,Entertainment,,,,Gaming,,Front-end Engineer,,,,,,,Completed one project/course,Some experience,,Some experience,,,Some experience,,Completed one project/course,,,,,No experience,Completed multiple projects/courses,Completed one project/course,,,Some experience,,,Matlab - 1 project/course,5,3,4,3,5,5,2,4,2,4,3,3,,true,false,59cffffbc8bca053d261c442
30,,,,,,,,,,,,,,,,,,,,,,,,,,,,,,,Travel,Entertainment,Music,,,Gaming,,,Back-end Engineer,,,,,,,,Some experience,,Some experience,Some experience,No experience,,,,,,No experience,,Completed multiple projects/courses,Completed one project/course,Completed multiple projects/courses,,,,Some experience,,3,2,2,2,4,5,,4,5,4,4,4,true,false,,59d00b9bc8bca053d261c447
31,,,,,,,,,,,,,,,,,,,,,,,,,,,Arts,,Politics,,Travel,,,,Social Issues,,,,,,Designer,,,,,Some experience,,,,,Some experience,,,,,,Some experience,,Completed one project/course,,Completed multiple projects/courses,,,,,,4,3,4,4,5,5,3,4,4,5,5,4,true,false,,59d00bdec8bca053d261c449
32,,,,,,,,,,,,,,,,,,,,,,,,,,,,,,,,Entertainment,,,,Gaming,,Front-end Engineer,,,,,,,,No experience,,,,,,,,,,,,,,,,,,,,,,,,,,,,,,,,,,,,59d00e38c8bca053d261c452
33,,,,,,,,,,,,,,,,,,,,,,,,,,,,,,,,,,,,Gaming,,Front-end Engineer,,,,,,,,Some experience,,,,,,,,,,,,,,,,,,,,,,,,,,,,,,,,,,,,59d00eadc8bca053d261c453
34,,,,,,,,,,,,,,,,,,,,,,,,,,Sports,,Finance,,,Travel,,Music,Economics,,Gaming,,Front-end Engineer,Back-end Engineer,Data Scientist,Designer,,,,,Some experience,,,,,,,,,,,Some experience,Some experience,Completed one project/course,Completed one project/course,Completed one project/course,,,,,,5,3,4,5,4,5,,3,4,4,4,3,,true,,59d0219ac8bca053d261c468
35,,,,,,,,,,,,,,,,,,,,,,,,,,,,,Politics,,,,,,Social Issues,Gaming,,,,Data Scientist,,,,,,Some experience,,Some experience,Some experience,,,,,,,,Completed one project/course,,Some experience,,Completed multiple projects/courses,,,Some experience,,,5,3,4,3,4,5,3,4,4,4,3,2,true,false,,59d02bfcc8bca053d261c46e
36,,,,,,,,,,,,,,,,,,,,,,,,,,,,,,Health,,,,,,Gaming,,Front-end Engineer,Back-end Engineer,Data Scientist,,,,,,Completed one project/course,Some experience,Completed one project/course,Completed one project/course,No experience,Completed one project/course,No experience,,,,,Completed one project/course,Completed one project/course,Completed one project/course,Some experience,Completed one project/course,No experience,Completed one project/course,Completed one project/course,,,3,3,3,3,5,4,1,4,4,4,4,4,true,false,,59d02c52c8bca053d261c46f
37,,,,,,,,,,,,,Team Snorlax,tba,tba,,Back-end Engineer,,,,,,"Of the two, one is experienced in web dev but not web dev, the other is a beginner with some knowledge in design and animation",59cf29e1ca869411de5a7644,,,Arts,,,,,Entertainment,Music,,,Gaming,,Front-end Engineer,,,Designer,,,Design,,,No experience,,,,,,,,,,Some experience,Some experience,,No experience,,,,,,,4,4,4,4,4,5,3,3,4,4,5,4,,true,true,59d034fac8bca053d261c476
38,,,,,,,,,,,,,,,,,,,,,,,,,,,,,,,,,,,,,,,,,,,,,Some experience,No experience,Some experience,,,,,,,,,,Some experience,Some experience,Completed one project/course,,Completed one project/course,,Some experience,,,,4,3,2,3,3,5,2,3,5,4,3,4,,,,59d03921c8bca053d261c479
39,,,,,,,,,,,,,,,,,,,,,,,,,,,,Finance,,,,,,Economics,,Gaming,,,Back-end Engineer,,,,Android,,Some experience,Some experience,Some experience,,Some experience,,Some experience,Some experience,,,,,,,Completed one project/course,,Some experience,,,,,,3,3,3,3,4,5,4,4,3,5,4,3,true,false,,59d03f9ac8bca053d261c47d
40,,,,,,,,,,,,,,,,,,,,,,,,,,,,Finance,,,,,,Economics,,,,,Back-end Engineer,Data Scientist,Designer,,,,,,,,,,,,,,,,,,Some experience,,Completed multiple projects/courses,,,,,,4,3,4,4,4,5,2,4,2,5,4,,true,false,,59d0484cc8bca053d261c482
41,,,,,,,,,,,,,,,,,,,,,,,,,,Sports,,,,Health,,Entertainment,Music,,,Gaming,,Front-end Engineer,Back-end Engineer,,Designer,iOS,,,,Completed one project/course,Completed one project/course,,,,Completed one project/course,Some experience,,,,,Completed multiple projects/courses,Completed multiple projects/courses,Completed one project/course,Completed one project/course,Completed multiple projects/courses,,,,Completed one project/course,,5,2,5,5,5,5,5,5,5,5,5,5,,true,false,59d04c96c8bca053d261c483
42,,,,,,,,,,,,,,,,,,,,,,,,,,,,,,,,Entertainment,Music,,Social Issues,Gaming,,,,,,,,Whatever role needs to be filled.,,,,,,,Completed one project/course,,Some experience,,,,,,Completed one project/course,No experience,Completed one project/course,,,,,,3,3,3,3,5,5,3,4,5,4,4,3,true,false,,59d0550ec8bca053d261c487
43,,,,,,,,,,,,,,,,,,,,,,,,,Fashion,,Arts,,,,,Entertainment,Music,,,Gaming,,Front-end Engineer,Back-end Engineer,Data Scientist,Designer,,,,,,,Some experience,,Completed one project/course,Completed one project/course,,,Some experience,,,,Some experience,Completed multiple projects/courses,Completed one project/course,Completed multiple projects/courses,,,Some experience,,,5,4,4,4,5,5,3,3,3,4,5,3,,false,,59d0569ac8bca053d261c489
44,,,,,,,,,,,,,,,,,,,,,,,,,,,,,,,,,,,,,,,,,,,,,,Some experience,,Some experience,,,Completed multiple projects/courses,,,,,,Some experience,,Some experience,Completed one project/course,Completed multiple projects/courses,,Completed one project/course,Some experience,,,4,3,5,2,5,5,5,5,4,5,3,5,,,,59d0581cc8bca053d261c48b
45,,,,,,,,,,,,,,,,,,,,,,,,,,,,,,,,,Music,,,,,,Back-end Engineer,,,,,Hardware,,Some experience,,,,Completed one project/course,,Some experience,Completed multiple projects/courses,Completed one project/course,,,Some experience,Some experience,Some experience,Completed multiple projects/courses,Completed one project/course,,,,,,3,4,5,4,5,3,,4,3,3,5,4,true,false,,59d0f826c8bca053d261c49c
46,,,,,,,,,,,,,,,,,,,,,,,,,,Sports,,,,Health,,,,Economics,,Gaming,,Front-end Engineer,,,,,Android,,Some experience,Some experience,Completed multiple projects/courses,,,,Completed multiple projects/courses,,,Completed one project/course,,,Completed one project/course,Some experience,Completed multiple projects/courses,Completed multiple projects/courses,Completed multiple projects/courses,,,Some experience,,,4,5,4,4,4,4,5,4,4,5,5,4,,true,false,59d0fb88c8bca053d261c49d
47,,,,,,,,,,,,,,,,,,,,,,,,,Fashion,,Arts,,,,,Entertainment,Music,,Social Issues,Gaming,,Front-end Engineer,,,,,,,,Some experience,,,,,,,,,,,Some experience,Some experience,Completed one project/course,,Completed one project/course,,,Some experience,,,4,3,4,4,5,5,3,3,4,4,4,3,true,false,,59d11ba3c8bca053d261c4a9
48,,,,,,,,,,,,,,,,,,,,,,,,,,,,,,Health,,Entertainment,,Economics,Social Issues,,,,Back-end Engineer,Data Scientist,,,,,,,,Some experience,Completed multiple projects/courses,,,,Completed multiple projects/courses,,,,,,Completed one project/course,Completed one project/course,Completed multiple projects/courses,,,,,MATLAB,5,4,4,4,5,5,3,5,4,5,5,3,true,false,,59d11e2dc8bca053d261c4aa
49,,,,,,,,,,,,,,,,,,,,,,,,,,,,,,,,,,,,,Anything psychology related,Front-end Engineer,,,Designer,,Android,,Completed multiple projects/courses,Completed one project/course,Completed one project/course,,Some experience,Completed one project/course,Completed one project/course,,Completed one project/course,,,,Some experience,Some experience,Completed multiple projects/courses,Completed multiple projects/courses,Some experience,Completed one project/course,Completed multiple projects/courses,,,,,4,,,5,3,5,,4,5,4,,,true,false,59d12814c8bca053d261c4ab
50,,,,,,,,,,,,,,,,,,,,,,,,,,Sports,,,,,,,Music,Economics,Social Issues,,,Front-end Engineer,,,,,Android,,,,,,,,,,,,,,Some experience,,Some experience,,Some experience,,,,,,5,3,3,4,3,5,2,3,4,4,3,3,true,false,,59d130f5c8bca053d261c4ae
51,,,,,,,,,,,,,,,,,,,,,,,,,,,,,,Health,Travel,Entertainment,Music,,Social Issues,Gaming,,Front-end Engineer,Back-end Engineer,,,,Android,,Some experience,Completed one project/course,Completed multiple projects/courses,,,,Some experience,,,,,,Completed multiple projects/courses,Completed one project/course,Completed multiple projects/courses,,Completed multiple projects/courses,,,Some experience,,,5,4,4,4,4,4,4,4,4,4,4,4,true,false,,59d13b4ec8bca053d261c4af
52,,,,,,,,,,,,,,,,,,,,,,,,,,,,,,,,,,,,Gaming,,,,,,,Android,,No experience,No experience,,,,,Some experience,,,,,,,Some experience,Completed one project/course,,,,,,,,,2,,2,5,5,3,5,4,5,4,1,true,false,,59d14c10c8bca053d261c4b7
53,,,,,,,,,,,,,,,,,,,,,,,,,,,,,,,,,,,,,,,,,,,,,,,,Some experience,,Some experience,Some experience,,,,,,Some experience,,Completed one project/course,,Some experience,Some experience,,,,,,,,,3,5,,4,4,5,5,3,,,,59d159a6c8bca053d261c4bd
54,,,,,,,,,,,,,,,,,,,,,,,,,,Sports,,Finance,Politics,,,,,Economics,,Gaming,,,Back-end Engineer,Data Scientist,Designer,,,,,,,,,,Some experience,,Some experience,,,,,,Completed one project/course,,Completed one project/course,,,,,,3,2,3,4,4,5,3,4,3,4,4,3,true,false,,59d15bb1c8bca053d261c4be
55,,,,,,,,,,,,,,,,,,,,,,,,,,,,,,,,,,,,,,,,,,,,,Some experience,,No experience,,,,,,,,,,,,Completed one project/course,,Some experience,,,,,,,,,,3,4,,2,4,4,4,2,,,,59d17576c8bca053d261c4c7
56,,,,,,,,,,,,,,,,,,,,,,,,,,Sports,,,,,,Entertainment,,,,Gaming,,,,,,,,,,,Some experience,,,,,,Some experience,,,,,,,Completed one project/course,,,,,,,4,4,2,4,5,5,3,5,4,5,5,4,false,false,true,59d199f3c8bca053d261c4d3
57,,,,,,,,,,,,,,,,,,,,,,,,,,,,,,,,Entertainment,Music,,,Gaming,Food,,Back-end Engineer,,,,,,No experience,,Some experience,,No experience,Completed one project/course,Completed one project/course,,Some experience,Completed one project/course,,,Some experience,Some experience,Some experience,Completed multiple projects/courses,Completed multiple projects/courses,,,,,MATLAB,3,2,,4,5,5,,,3,4,5,5,,true,false,59d1a6cfc8bca053d261c4d9
58,,,,,,,,,,,,,,,,,,,,,,,,,,,Arts,,,,,Entertainment,Music,,,,Food,Front-end Engineer,,,Designer,,,,,Some experience,,,,,,,,,,,Completed one project/course,,Completed one project/course,,Completed one project/course,,,,,,4,5,3,3,5,5,,,3,4,5,4,,true,false,59d1a6dfc8bca053d261c4da
59,,,,,,,,,,,,,,,,,,,,,,,,,,,,,Politics,Health,Travel,,,,Social Issues,,,,Back-end Engineer,Data Scientist,,,,,,Completed one project/course,,Completed one project/course,,,Completed one project/course,,,,,,Completed one project/course,Some experience,Completed one project/course,,,,,Completed one project/course,,,4,4,4,4,4,4,3,4,3,5,4,5,true,false,,59d1a8f4c8bca053d261c4de
60,,,,,,,,,,,,,,,,,,,,,,,,,Fashion,,Arts,,,,Travel,,Music,,,Gaming,,Front-end Engineer,,,,,Android,,,Completed one project/course,Some experience,,,,Completed one project/course,,,,,,Completed one project/course,Completed one project/course,Completed one project/course,Some experience,Completed one project/course,,,Some experience,,,4,4,4,3,4,5,3,5,5,5,4,4,false,false,,59d24946c8bca053d261c4f0
61,,,,,,,,,,,,,,,,,,,,,,,,,,Sports,,Finance,Politics,Health,,,,Economics,,Gaming,,,Back-end Engineer,Data Scientist,,,,,,Some experience,Some experience,Some experience,Completed multiple projects/courses,Some experience,Completed multiple projects/courses,,,,,,Completed multiple projects/courses,Some experience,Completed one project/course,Some experience,Completed multiple projects/courses,,,Some experience,,,5,3,5,4,5,5,3,5,4,5,5,5,true,false,,59d25105c8bca053d261c4f1
62,,,,,,,,,,,,,,,,,,,,,,,,,,,,,,,,,,,,,,,,,,,,,,,Some experience,Some experience,,,,,,,,,,,Completed one project/course,,Some experience,,,Completed one project/course,,,5,3,3,4,5,3,,5,5,5,4,4,,,,59d271b2c8bca053d261c4f5
63,,,,,,,,,,,,,,,,,,,,,,,,,,,,,,,Travel,Entertainment,,,Social Issues,Gaming,,,Back-end Engineer,Data Scientist,,,Android,,Completed multiple projects/courses,Some experience,Some experience,Completed one project/course,Some experience,Completed multiple projects/courses,Completed multiple projects/courses,No experience,Completed multiple projects/courses,,,,Some experience,Some experience,Completed multiple projects/courses,Completed multiple projects/courses,Completed multiple projects/courses,,,Completed multiple projects/courses,,,3,4,2,4,5,5,2,4,1,5,5,4,false,false,true,59d27b5ac8bca053d261c4f9
64,,,,,,,,,,,,,,,,,,,,,,,,,,,,,,,,,,,,,,,,,,,,,Some experience,Some experience,,,,,Some experience,,,,,,Some experience,Completed one project/course,Completed one project/course,,,,,,,,3,3,2,3,5,5,,3,4,3,3,3,,,,59d29df8c8bca053d261c500
65,Shrug - ¯\_(ツ)_/¯,Something with Unity in AR or MI/AI,,Back-end Engineer,Data Scientist,"Unity, Python, JS, Java, Pytorch",Unknown,Finance,Entertainment,Gaming,Completed one project/course,,,,,,,,,,,,,,,,,,,,,,,,,,ML/AI/AR,Front-end Engineer,Back-end Engineer,Data Scientist,Designer,,,Whatever I can,,Completed multiple projects/courses,Some experience,Some experience,Some experience,,Some experience,,Completed one project/course,,,,Completed multiple projects/courses,Completed multiple projects/courses,Completed multiple projects/courses,Some experience,Completed multiple projects/courses,,,Some experience,,,4,4,4,4,4,4,3,2,4,4,4,3,false,false,true,59d3bab5387840435cf9c6ed
66,,,,,,,,,,,,,,,,,,,,,,,,,,,Arts,,,,,Entertainment,,,,Gaming,,,Back-end Engineer,,Designer,,,,,No experience,,,,No experience,Some experience,,,,,,,,,,Completed one project/course,,,,,,3,4,3,3,3,5,2,4,3,5,5,4,false,false,,59d404b4387840435cf9c6f7
67,,,,,,,,,,,,,,,,,,,,,,,,,Fashion,Sports,,,,,,Entertainment,,,,Gaming,,Front-end Engineer,Back-end Engineer,Data Scientist,,,,,,Completed multiple projects/courses,Completed one project/course,Some experience,Some experience,Completed one project/course,Some experience,No experience,,,,,Some experience,Completed multiple projects/courses,Completed one project/course,Completed one project/course,Completed one project/course,,Some experience,Some experience,,,3,,2,,4,5,3,2,5,3,2,,,true,true,59d44ac7e91f783e0cad19c9
68,,,,,,,,,,,,,,,,,,,,,,,,,,Sports,,,,Health,Travel,,Music,,Social Issues,Gaming,,,Back-end Engineer,Data Scientist,,,Android,,,Some experience,Some experience,Completed one project/course,Some experience,Completed one project/course,Completed one project/course,No experience,Some experience,Some experience,,,Completed one project/course,Completed one project/course,Completed multiple projects/courses,Completed multiple projects/courses,Completed multiple projects/courses,,Some experience,,,,5,4,4,3,3,5,5,5,4,5,5,5,true,false,,59d45f0ae91f783e0cad19ce
69,,,,,,,,,,,,,,,,,,,,,,,,,,,,,,,,Entertainment,,Economics,,,,Front-end Engineer,Back-end Engineer,Data Scientist,,iOS,,,,Completed one project/course,Some experience,Completed multiple projects/courses,Completed one project/course,Some experience,Completed multiple projects/courses,,,,,,Completed one project/course,Completed one project/course,,,Completed multiple projects/courses,,,Completed one project/course,Completed one project/course,,3,4,5,4,5,5,5,5,4,4,4,4,true,false,,59d4e6a2e91f783e0cad19d7
70,,,,,,,,,,,,3,We Miss ,"We are uncertain, would rather talk to all of our teammates to pick a field and focus.","MEAN Stack, Python, Bootstrap, jQuery OR Swift",Front-end Engineer,Back-end Engineer,,Designer,iOS,,,"On a scale of CS Freshman to Senior Engineer at Google, we're entry level software developers at some modest tech company.",59e81a458dd4091849b47061,Fashion,,Arts,,,Health,,Entertainment,Music,,Social Issues,,Technology,Front-end Engineer,Back-end Engineer,,,iOS,,,,Completed multiple projects/courses,Some experience,,Completed one project/course,,Completed one project/course,,Some experience,Completed one project/course,,,Completed multiple projects/courses,Completed multiple projects/courses,Completed one project/course,Completed one project/course,Completed one project/course,,Completed one project/course,Completed one project/course,Completed one project/course,,5,5,5,5,4,4,5,4,4,5,5,5,,true,true,59d5497ee91f783e0cad19e8
71,,,,,,,,,,,,,SkedHub,Educational App,"Python, HTML, CSS, Javascript, and/or PHP",Front-end Engineer,Back-end Engineer,,,iOS,,,We have attended from 0-5 hackathons (range).,59cf0e9eca869411de5a7629,,,,,,,,,,,Social Issues,,Education,Front-end Engineer,Back-end Engineer,,Designer,,,,,Completed one project/course,,,,,Some experience,,,,,,Completed one project/course,Some experience,Completed multiple projects/courses,,Completed multiple projects/courses,,,,,,5,3,4,4,5,5,2,4,3,5,5,5,,true,true,59d55f33e91f783e0cad19ee
72,,,,,,,,,,,,,,,,,,,,,,,,,Fashion,,,,,Health,Travel,,,Economics,,Gaming,,Front-end Engineer,,,,,,,,Some experience,Some experience,,,,,,,,,,Some experience,Some experience,Some experience,,Some experience,,,,,,3,2,2,,4,3,,3,2,3,2,3,,true,false,59d67bd4e91f783e0cad1a22
73,,,,,,,,,,,,,,,,,,,,,,,,,Fashion,,,Finance,Politics,,,,,Economics,,Gaming,,,,Data Scientist,,,,,,,,Some experience,,,,Some experience,Completed one project/course,Some experience,,,,,,Some experience,,,,,,,5,4,5,5,5,4,2,4,5,5,5,5,true,false,,59d681bbe91f783e0cad1a25
74,,,,,,,,,,,,,,,,,,,,,,,,,,Sports,,Finance,,,Travel,Entertainment,,Economics,,Gaming,,Front-end Engineer,Back-end Engineer,,,,,Electrical and Firmware,Some experience,Completed multiple projects/courses,Some experience,Completed multiple projects/courses,Completed one project/course,Completed one project/course,Completed multiple projects/courses,Completed multiple projects/courses,Completed multiple projects/courses,Completed multiple projects/courses,,,Completed multiple projects/courses,Completed multiple projects/courses,Completed multiple projects/courses,Completed multiple projects/courses,Completed multiple projects/courses,No experience,,Completed one project/course,,C++ and C,5,4,3,4,5,4,4,5,3,5,4,4,true,false,,59d70e66e91f783e0cad1a48
75,,,,,,,,,,,,,,,,,,,,,,,,,,,Arts,Finance,,Health,Travel,Entertainment,,Economics,Social Issues,Gaming,,Front-end Engineer,Back-end Engineer,Data Scientist,Designer,,Android,,Some experience,Some experience,Some experience,Some experience,,Some experience,Some experience,,,,,,Some experience,Some experience,Completed multiple projects/courses,,Completed one project/course,,,,,,5,4,4,4,5,4,2,3,4,3,5,4,true,false,,59d71b8ce91f783e0cad1a4e
76,,,,,,,,,,,,,,,,,,,,,,,,,,,,,,,,,,,,,,,,,,,,,,,,,,,,,,,,,,,,,,,,,,,,,,,,,,,,,,,,true,,59d7c68ee91f783e0cad1a5b
77,,,,,,,,,,,,,,,,,,,,,,,,,,,,,,,,,,,,,,,,,,,,,,Completed one project/course,,,,,,,,,,,Completed multiple projects/courses,Some experience,Completed one project/course,,Some experience,Some experience,,Completed one project/course,,,3,2,,3,5,3,,2,3,3,3,2,,true,true,59d816d9e91f783e0cad1a67
78,,,,,,,,,,,,,,,,,,,,,,,,,,,,,,,,,,,,,,,,,,,,,,Some experience,Some experience,,,Completed one project/course,,,Some experience,No experience,,,Some experience,Some experience,Completed one project/course,Completed one project/course,Completed multiple projects/courses,,,Completed one project/course,,,3,3,,,4,3,,3,4,4,4,3,,,,59d8186ee91f783e0cad1a68
79,,,,,,,,,,,,,,,,,,,,,,,,,,,,,,,,,,,,,,,,,,,,,,No experience,No experience,,,,,,,,,,,,,,,Some experience,,,,,3,1,4,,4,5,3,4,3,4,3,5,,,,59d848b4e91f783e0cad1a70
80,,,,,,,,,,,,,,,,,,,,,,,,,,,,Finance,,,,,,,,,,Front-end Engineer,Back-end Engineer,,,,,,,,,Some experience,Some experience,,Some experience,,,,,,,,,Completed one project/course,,,,Completed one project/course,,,4,3,2,3,2,5,3,2,2,3,3,3,true,false,,59da68b68ac2a56ad2aaeed9
81,,,,,,,,,,,,,,,,,,,,,,,,,,,,Finance,,,Travel,Entertainment,Music,,Social Issues,Gaming,,,Back-end Engineer,,,iOS,Android,,,Completed multiple projects/courses,Completed one project/course,Completed multiple projects/courses,Completed multiple projects/courses,Some experience,Completed multiple projects/courses,,Completed multiple projects/courses,,,Some experience,Completed multiple projects/courses,Completed one project/course,Completed multiple projects/courses,Some experience,Completed multiple projects/courses,,,Completed multiple projects/courses,Some experience,,3,3,3,3,5,5,5,5,5,4,3,4,,true,true,59da9d688ac2a56ad2aaeee3
82,,,,,,,,,,,,,,,,,,,,,,,,,Fashion,,Arts,,,,,Entertainment,Music,,,Gaming,,,,,,,,,,,,,,,,,,,,,,,,,,,,,,,,,,,,,,,,,,,,,,59dad29f8ac2a56ad2aaeeee
83,,,,,,,,,,,,,,,,,,,,,,,,,,Sports,Arts,,,,,,Music,,,,,Front-end Engineer,Back-end Engineer,,Designer,iOS,,,Some experience,Completed multiple projects/courses,Completed multiple projects/courses,Some experience,Some experience,Completed multiple projects/courses,Completed multiple projects/courses,,Completed one project/course,Some experience,,Some experience,Completed multiple projects/courses,Completed one project/course,Completed multiple projects/courses,Completed one project/course,Completed multiple projects/courses,Some experience,,Some experience,Completed multiple projects/courses,Ats....,5,5,4,3,5,4,4,5,5,5,5,5,true,false,,59dadb9d8ac2a56ad2aaeeef
84,,,,,,,,,,,,,,,,,,,,,,,,,,,,,,,,,,,,,,,,,,,,,,,,,,,,,,,,,,,,,,,,,,,,,,,,,,,,,,,,true,false,59dae3608ac2a56ad2aaeef1
85,,,,,,,,,,,,,,,,,,,,,,,,,,,,,,,,,,,,,,,,,,,,,,No experience,No experience,,,,,,,,,,,,,,,,,,,,5,3,2,3,4,4,3,5,2,4,4,3,,,,59db7f0c8ac2a56ad2aaeef9
86,,,,,,,,,,,,,,,,,,,,,,,,,,,,,,,,,,,,,,,,,,,,,,Completed one project/course,Some experience,Some experience,Some experience,Some experience,Completed multiple projects/courses,,Some experience,Some experience,,,Completed multiple projects/courses,,Completed one project/course,Some experience,Completed multiple projects/courses,,,Completed multiple projects/courses,,,5,4,4,4,5,5,5,5,4,5,3,5,,,,59dba0ec8ac2a56ad2aaef00
87,,,,,,,,,,,,,,,,,,,,,,,,,,,,Finance,,,,Entertainment,,,Social Issues,Gaming,,,Back-end Engineer,,,iOS,Android,,Completed one project/course,Completed multiple projects/courses,Completed multiple projects/courses,Some experience,Some experience,,Completed one project/course,Completed one project/course,Some experience,,,,Completed multiple projects/courses,Completed one project/course,Completed multiple projects/courses,Completed one project/course,,,Completed multiple projects/courses,Completed one project/course,,,4,3,4,4,5,5,5,5,5,5,5,5,false,false,,59dbb7b28ac2a56ad2aaef06
88,,,,,,,,,,,,,,,,,,,,,,,,,Fashion,,,,,Health,Travel,,,,,,,,Back-end Engineer,,,,,,,Some experience,,,,,Completed one project/course,,,,,,Some experience,,Completed multiple projects/courses,Completed one project/course,,,,,,,5,4,5,3,5,5,3,5,3,5,3,5,true,false,,59dbb82a8ac2a56ad2aaef07
89,,,,,,,,,,,,,,,,,,,,,,,,,,,,,,,,,,,,,,,,,,,,,No experience,,Some experience,,,,,,Some experience,,,,,,Completed multiple projects/courses,,,,,,,,3,3,3,4,5,5,2,5,5,5,5,1,,,,59dbcd728ac2a56ad2aaef08
90,,,,,,,,,,,,2,Codenza,Not Yet Decided,Anything that be used at that moment,Front-end Engineer,Back-end Engineer,,,,,Web Dev,Good,"59da9d688ac2a56ad2aaeee3, 59cf1ea4ca869411de5a763e",,,,,,Health,,,,,,,"Security, App Development, Web Based Platforms",Front-end Engineer,Back-end Engineer,,Designer,,Android,Security,,Completed multiple projects/courses,Completed one project/course,,,Completed one project/course,Some experience,,Completed one project/course,Some experience,,,Completed multiple projects/courses,Some experience,Some experience,Some experience,Some experience,,Some experience,Completed one project/course,,Java,4,4,4,3,5,4,5,5,4,3,4,4,,true,true,59dbdbc48ac2a56ad2aaef0a
91,,,,,,,,,,,,,,,,,,,,,,,,,,,,,,,,,,,,,,,,,,,,,,,,,,,,,,,,,,,,,,,,,,,,,,,,,,,,,,,,true,false,59dbed708ac2a56ad2aaef0f
92,,,,,,,,,,,,1,,,,,,,,,,,,,,,,,,,,,,,Social Issues,Gaming,,,,Data Scientist,,,,,,,,,No experience,,,,Some experience,,,,,,,Completed one project/course,,,,,,,5,2,5,5,5,3,,5,,,,,,true,false,59dcec5e3b62e811697f4b3c
93,,,,,,,,,,,,,,,,,,,,,,,,,,Sports,,,,Health,,,Music,,Social Issues,,,Front-end Engineer,,,Designer,,,,,Some experience,,,,,,,,,,,,,,Completed one project/course,,,,,,MATLAB lol,5,5,5,4,4,5,,2,3,5,5,5,,true,false,59dcf5883b62e811697f4b3f
94,,,,,,,,,,,,,,,,,,,,,,,,,,Sports,,Finance,,,,,,Economics,,,,Front-end Engineer,,,,,,,,Completed one project/course,,No experience,Some experience,Some experience,Some experience,,,,,,Completed multiple projects/courses,Completed one project/course,Completed one project/course,,Completed multiple projects/courses,Completed one project/course,,Completed one project/course,,,5,3,4,3,5,5,5,5,5,5,5,5,true,false,,59dd32e63b62e811697f4b44
95,,,,,,,,,,,,,,,,,,,,,,,,,,,,,,,,,,,,,,,,,,,,,,Completed one project/course,Some experience,,,Completed one project/course,Completed one project/course,,,,,,Completed one project/course,Completed one project/course,Completed one project/course,,No experience,,,Completed one project/course,,,3,3,2,3,4,5,4,5,5,5,5,2,,,,59dd6fce3b62e811697f4b4a
96,,,,,,,,,,,,,,,,,,,,,,,,,Fashion,,,,,,Travel,Entertainment,,,,Gaming,,Front-end Engineer,Back-end Engineer,,,,,,Some experience,Completed one project/course,,,,,Some experience,,,,,,Some experience,Completed one project/course,Completed one project/course,,,,,Some experience,,"YQL, node js",,,,,5,4,,3,4,5,4,,true,false,,59ddb9293b62e811697f4b5d
97,,,,,,,,,,,,,,,,,,,,,,,,,,,,,Politics,,,,,,,Gaming,quantum computing and artificial intelegence  ,Front-end Engineer,Back-end Engineer,,,,,,Some experience,,,No experience,Some experience,,Some experience,,Some experience,,,,,,Completed one project/course,,Completed one project/course,,,,,,,,,,3,5,,4,5,3,5,4,true,false,,59de2f233b62e811697f4b66
98,,,,,,,,,,,,,,,,,,,,,,,,,,,,Finance,,,,Entertainment,,,Social Issues,,,Front-end Engineer,Back-end Engineer,Data Scientist,,,,,No experience,,,,,,,,,,,,Some experience,,Some experience,,Completed one project/course,,Some experience,,,,4,2,3,3,5,5,,5,4,4,3,3,true,false,,59de57dd3b62e811697f4b70
99,,,,,,,,,,,,,,,,,,,,,,,,,,,,,,,,,,,,,,,,,,,,,,,,,,Completed multiple projects/courses,No experience,,Some experience,,,,Some experience,,Some experience,,Completed one project/course,,,Some experience,,,4,3,4,3,3,5,3,4,4,5,4,4,,,,59de74653b62e811697f4b75
100,,,,,,,,,,,,,,,,,,,,,,,,,,Sports,,Finance,,Health,Travel,Entertainment,Music,,,,,,Back-end Engineer,,,,,,,Completed multiple projects/courses,Some experience,Some experience,,,Some experience,,Some experience,Some experience,,,Completed multiple projects/courses,Some experience,Some experience,,Completed multiple projects/courses,,,Some experience,,,4,4,3,2,5,5,3,4,4,5,4,3,true,false,,59de9e6a3b62e811697f4b80
101,,,,,,,,,,,,,,,,,,,,,,,,,,,,,,,,,,,,,,,,,,,,,Completed one project/course,Some experience,Some experience,Some experience,Some experience,Some experience,Completed multiple projects/courses,Completed multiple projects/courses,Completed multiple projects/courses,Completed one project/course,,,Some experience,Some experience,Completed one project/course,Completed multiple projects/courses,Completed multiple projects/courses,Completed one project/course,Completed multiple projects/courses,Completed one project/course,,,5,5,5,5,5,5,5,5,5,5,5,5,,,,59deb7ac3b62e811697f4b83
102,,,,,,,,,,,,,,,,,,,,,,,,,,,,,,,,,,,Social Issues,,,,Back-end Engineer,Data Scientist,,,,,,Some experience,Some experience,Completed multiple projects/courses,Completed multiple projects/courses,Completed multiple projects/courses,,,,,,,Completed multiple projects/courses,Some experience,Completed multiple projects/courses,Completed one project/course,Completed multiple projects/courses,,,Some experience,,,5,3,4,5,4,4,4,4,4,5,5,5,true,false,,59dee0703b62e811697f4b8c
103,,,,,,,,,,,,,,,,,,,,,,,,,,,,,,,,,,,,,,,,,,,,,,,,,,,,,,,,,,,,,,,,,,,,,,,,,,,,,,,true,false,false,59df700e3b62e811697f4b91
104,,,,,,,,,,,,2,Instinct,Web application ,"Python, JavaScript, SQL",Front-end Engineer,Back-end Engineer,,,,,0,1 year,59dd6fce3b62e811697f4b4a,,,,Finance,,,Travel,Entertainment,Music,,Social Issues,Gaming,,Front-end Engineer,Back-end Engineer,,,,Android,,,Some experience,Some experience,Some experience,Some experience,Completed one project/course,Some experience,,,Some experience,,Some experience,Some experience,Some experience,Completed one project/course,Completed one project/course,Some experience,,Some experience,Completed one project/course,Some experience,,4,3,4,3,5,5,5,5,5,5,5,5,,true,true,59dff0d93b62e811697f4ba0
105,,,,,,,,,,,,,,,,,,,,,,,,,,,,Finance,,Health,,,Music,,,Gaming,,Front-end Engineer,Back-end Engineer,Data Scientist,,,,,,Completed one project/course,No experience,Completed one project/course,Completed one project/course,Completed multiple projects/courses,Completed multiple projects/courses,,,,,,Completed one project/course,Completed multiple projects/courses,Completed multiple projects/courses,Completed one project/course,Completed multiple projects/courses,,,Completed one project/course,,,4,4,4,5,4,4,5,4,5,5,4,4,true,false,,59e0cf6f3b62e811697f4bad
106,,,,,,,,,,,,,,,,,,,,,,,,,,Sports,Arts,,,Health,Travel,Entertainment,Music,,Social Issues,Gaming,,,,,Designer,,Android,,,Some experience,Some experience,,,,,,Completed multiple projects/courses,Some experience,,,Some experience,Completed one project/course,Completed one project/course,,Some experience,,,,,,3,4,2,4,5,5,,3,3,4,3,2,,true,false,59e0fe533b62e811697f4bb4
107,,,,,,,,,,,,,,,,,,,,,,,,,,,,,,Health,,Entertainment,,Economics,Social Issues,Gaming,,Front-end Engineer,Back-end Engineer,,Designer,iOS,Android,,Completed one project/course,Completed multiple projects/courses,Completed multiple projects/courses,Some experience,Completed one project/course,Completed multiple projects/courses,Completed multiple projects/courses,Some experience,Completed one project/course,,,Some experience,Completed multiple projects/courses,Completed multiple projects/courses,Completed multiple projects/courses,Completed one project/course,Completed multiple projects/courses,Completed multiple projects/courses,Some experience,Completed multiple projects/courses,Completed multiple projects/courses,,4,4,4,4,4,4,4,4,3,4,3,5,true,false,,59e130be3b62e811697f4bb9
108,,,,,,,,,,,,,,,,,,,,,,,,,,,,,,,,Entertainment,,,Social Issues,Gaming,,Front-end Engineer,Back-end Engineer,Data Scientist,Designer,iOS,Android,,,,,,,,,,Completed one project/course,,,,Some experience,,,Some experience,,,,,,,5,3,4,4,5,4,4,5,4,5,5,4,true,false,,59e1aced3b62e811697f4bc4
109,,,,,,,,,,,,,,,,,,,,,,,,,,,,,,Health,,,,,,Gaming,,Front-end Engineer,Back-end Engineer,Data Scientist,Designer,iOS,,,Some experience,Completed one project/course,Completed one project/course,Completed multiple projects/courses,Completed multiple projects/courses,Completed multiple projects/courses,Completed multiple projects/courses,Some experience,Completed multiple projects/courses,Completed multiple projects/courses,,Some experience,Completed one project/course,Completed one project/course,Completed one project/course,Completed multiple projects/courses,Completed one project/course,Some experience,Some experience,Completed one project/course,Completed multiple projects/courses,,5,5,5,5,5,5,5,5,5,5,5,5,true,false,,59e27cdf3b62e811697f4bd5
110,,,,,,,,,,,,,,,,,,,,,,,,,,,Arts,,Politics,,Travel,Entertainment,Music,Economics,Social Issues,,Media,,,,,,,I have very limited experience.,,No experience,,,,,,,,,,,Some experience,,,,,,,,,,4,2,4,5,5,5,3,5,4,4,4,4,true,false,,59e2ec393b62e811697f4bec
111,,,,,,,,,,,,,,,,,,,,,,,,,,Sports,,,,,,,,,,,,Front-end Engineer,Back-end Engineer,,,,,,,Some experience,,,,,,,,,,,Some experience,Some experience,Some experience,,Completed one project/course,,,Some experience,,,,,,,2,4,,2,4,4,3,3,true,false,,59e2f37d3b62e811697f4bee
112,,,,,,,,,,,,,,,,,,,,,,,,,,,,,,,,,,,,,,,,,,,,,,,,,,,,,Some experience,,,,,No experience,Some experience,Some experience,,,,,,,3,3,3,3,5,5,3,4,,,,,,,,59e388333b62e811697f4bf5
113,,,,,,,,,,,,,,,,,,,,,,,,,,,Arts,,,,Travel,Entertainment,Music,,,,,,Back-end Engineer,Data Scientist,,,,,,Completed one project/course,,Completed multiple projects/courses,Some experience,,Some experience,,,,,,Some experience,,,,Some experience,,Some experience,Completed multiple projects/courses,,,5,3,4,2,5,5,5,5,4,5,4,3,true,false,,59e3b03f3b62e811697f4bf8
114,,,,,,,,,,,,,,,,,,,,,,,,,,,Arts,,,,,,,,,Gaming,,,,,,,,,,,,,,,,,,,,,,,,,,,,,,,,,,,,,,,,,,,,,,59e3f30a3b62e811697f4c06
115,,,,,,,,,,,,,,,,,,,,,,,,,,,,Finance,,Health,Travel,Entertainment,,Economics,Social Issues,,,,Back-end Engineer,Data Scientist,,,Android,,,No experience,Completed one project/course,Completed multiple projects/courses,Completed multiple projects/courses,Some experience,Completed multiple projects/courses,Some experience,Completed one project/course,Completed one project/course,,Some experience,Some experience,Some experience,Completed multiple projects/courses,Completed one project/course,Completed multiple projects/courses,,,Completed one project/course,,,5,4,5,5,5,5,5,5,4,5,5,5,true,false,,59e449623b62e811697f4c12
116,,,,,,,,,,,,,,,,,,,,,,,,,,,,,,Health,,Entertainment,Music,Economics,,,,,Back-end Engineer,,,,,,,Completed one project/course,Completed one project/course,Completed one project/course,Completed one project/course,Completed one project/course,Completed one project/course,,,,,,Some experience,Completed multiple projects/courses,Some experience,Some experience,Completed multiple projects/courses,,,Completed one project/course,Some experience,,5,4,5,5,5,,5,3,5,5,5,5,true,false,,59e4587d3b62e811697f4c13
117,,,,,,,,,,,,,,,,,,,,,,,,,,,,,,,,,,,,,business analytics,,,,,,,no idea,,,,,,,,,,,,,,,Some experience,,Completed one project/course,,,Completed one project/course,,,3,2,3,3,5,5,,,,3,3,3,false,false,,59e4ddce3b62e811697f4c1b
118,,,,,,,,,,,,,,,,,,,,,,,,"59e5886638e5c61e5eda8954, 59e508ac3b62e811697f4c25",,Sports,,Finance,,Health,Travel,Entertainment,Music,,Social Issues,,,Front-end Engineer,Back-end Engineer,,,,Android,,Some experience,Completed multiple projects/courses,Completed multiple projects/courses,Some experience,,Some experience,Completed multiple projects/courses,,,,,,Completed multiple projects/courses,Completed multiple projects/courses,Completed multiple projects/courses,Completed multiple projects/courses,Some experience,,Some experience,Completed one project/course,Some experience,,2,5,2,5,1,3,5,5,5,4,5,4,,true,true,59e4f59e3b62e811697f4c1f
119,,,,,,,,,,,,,,,,,,,,,,,,,,,Arts,,,Health,,Entertainment,Music,,Social Issues,Gaming,,Front-end Engineer,Back-end Engineer,,Designer,,,,Some experience,Completed multiple projects/courses,,Completed one project/course,Some experience,Completed one project/course,Completed one project/course,,Completed one project/course,Some experience,,,Completed multiple projects/courses,Completed multiple projects/courses,Completed multiple projects/courses,,,Completed one project/course,Completed multiple projects/courses,Completed multiple projects/courses,,,5,5,4,5,4,5,4,5,4,5,5,4,true,true,true,59e589c138e5c61e5eda8956
120,,,,,,,,,,,,,,,,,,,,,,,,,,,,Finance,,,,Entertainment,,Economics,,,"Recruiting, B2B services",,,,Designer,,,Business + Presentation,,Some experience,,,,,,,,,,,Completed multiple projects/courses,Some experience,,,,,,,,,5,5,5,4,5,3,5,5,2,5,5,5,true,false,,59e5983f065b993ff9e1188a
121,,,,,,,,,,,,,,,,,,,,,,,,,,,,Finance,,,,,,Economics,,Gaming,,,Back-end Engineer,Data Scientist,,,,,Some experience,Completed multiple projects/courses,Some experience,Completed multiple projects/courses,Completed one project/course,Completed one project/course,Completed multiple projects/courses,No experience,Completed one project/course,Completed one project/course,,,Completed multiple projects/courses,Completed multiple projects/courses,Completed multiple projects/courses,Some experience,Completed multiple projects/courses,,Completed one project/course,Completed multiple projects/courses,,,5,2,4,5,5,5,5,5,5,5,4,5,true,false,,59e5a736065b993ff9e1188c
122,,,,,,,,,,,,,,,,,,,,,,,,,,,Arts,,,,,,,,Social Issues,,Education for displaced learners and refugees ,,,,Designer,,,"Communication, Web Design, Educational Consultant ",Some experience,Completed one project/course,,,,,,Some experience,Some experience,Some experience,,,No experience,,,,,,,,,,5,3,5,5,5,5,,5,3,5,5,4,true,false,,59e64dc4065b993ff9e11899
123,,,,,,,,,,,,,Daypop,Event discovery that adapts with dynamic lifestyles and fosters inclusive communities,"Python, Javascript, Node, React.js, Elixir-Phoenix, PostgreSQL, Redis, HTML, CSS",Front-end Engineer,Back-end Engineer,,Designer,,,,Moderate - we've built prototype web apps before,59e65d3c065b993ff9e1189b,,,Arts,,,,Travel,Entertainment,Music,Economics,,Gaming,Technology,Front-end Engineer,,,Designer,,,Lead,,Some experience,Some experience,Some experience,,Some experience,Some experience,,Completed multiple projects/courses,,,,Completed multiple projects/courses,Completed one project/course,,Completed one project/course,Some experience,,Some experience,Some experience,Some experience,,4,3,4,3,5,4,3,4,4,4,4,4,,true,false,59e6508e065b993ff9e1189a
124,,,,,,,,,,,,,,,,,,,,,,,,,,,,,,,,,,,,,,,,,,,,,Some experience,Completed one project/course,,,Some experience,Some experience,Some experience,,Completed multiple projects/courses,Completed one project/course,,,Completed multiple projects/courses,Completed multiple projects/courses,Completed one project/course,Completed multiple projects/courses,Completed multiple projects/courses,Some experience,Some experience,Completed one project/course,,,3,1,3,3,5,2,,4,4,2,1,,,,,59e65d3c065b993ff9e1189b
125,,,,,,,,,,,,,,,,,,,,,,,,,Fashion,,Arts,,,,,,,Economics,Social Issues,,,Front-end Engineer,Back-end Engineer,,Designer,,,,,Completed multiple projects/courses,,,Completed one project/course,,Completed one project/course,,,,,,Completed multiple projects/courses,Completed multiple projects/courses,Completed one project/course,Some experience,Completed multiple projects/courses,,,,,,5,5,5,5,5,5,2,5,4,5,5,5,true,false,,59e661ad065b993ff9e1189e
126,,,,,,,,,,,,,,,,,,,,,,,,,,,,,,,,Entertainment,,,Social Issues,Gaming,,,Back-end Engineer,,,,,,No experience,Completed one project/course,Some experience,,,Completed multiple projects/courses,Completed one project/course,Some experience,Completed one project/course,Some experience,,,Completed multiple projects/courses,Completed one project/course,Completed multiple projects/courses,Completed one project/course,Completed multiple projects/courses,No experience,Completed multiple projects/courses,Some experience,,,4,3,4,4,5,4,3,4,3,4,4,3,true,false,,59e66bbc065b993ff9e118a0
127,,,,,,,,,,,,,,,,,,,,,,,,,,,,,,,Travel,Entertainment,Music,,Social Issues,,,Front-end Engineer,Back-end Engineer,,,,,,,Completed one project/course,Some experience,,,Some experience,,,,,,,Completed multiple projects/courses,Some experience,,,Some experience,Completed one project/course,,,,,4,2,4,,5,5,2,4,3,3,,4,true,false,,59e66db7065b993ff9e118a1
128,,,,,,,,,,,,,,,,,,,,,,,,,,,,,,,,,,,,,,,,,,,,,Completed one project/course,Completed one project/course,Some experience,,,,Some experience,,,,,,Completed multiple projects/courses,Some experience,Completed one project/course,,Some experience,,,Some experience,Some experience,,4,2,3,4,4,5,,5,3,4,4,4,,,,59e66e49065b993ff9e118a2
129,,,,,,,,,,,,1,Huskies,,,,,,,,,,,,,,,,,,,Entertainment,,,,,,,Back-end Engineer,,,iOS,,,Completed one project/course,Completed multiple projects/courses,Completed one project/course,Some experience,Some experience,Completed one project/course,Some experience,Completed multiple projects/courses,Completed multiple projects/courses,Completed multiple projects/courses,,No experience,Completed multiple projects/courses,Completed multiple projects/courses,Completed one project/course,Completed multiple projects/courses,Completed multiple projects/courses,Some experience,Completed one project/course,Completed multiple projects/courses,Completed multiple projects/courses,,4,4,5,5,5,4,5,5,4,5,5,5,,true,true,59e6a02a065b993ff9e118b3
130,,,,,,,,,,,,,,,,,,,,,,,,,Fashion,,Arts,Finance,Politics,Health,Travel,Entertainment,Music,,Social Issues,,,,,,,,,Unsure,,,,,,,,,,,,,,,Completed one project/course,,,,,,,,3,2,4,3,2,5,,4,3,3,3,2,false,false,,59e6cb2b065b993ff9e118c0
131,,,,,,,,,,,,,,,,,,,,,,,,,,,,,,,,Entertainment,,,,Gaming,Science,,,,Designer,,,,Some experience,Some experience,,,,,,Some experience,,,,,Completed one project/course,Completed one project/course,Completed one project/course,,Completed one project/course,,,,,,4,3,4,2,5,5,5,5,4,5,4,3,false,false,,59e7616e065b993ff9e118ca
132,,,,,,,,,,,,,,,,,,,,,,,,,Fashion,,,Finance,,,Travel,,,Economics,Social Issues,,,,Back-end Engineer,Data Scientist,Designer,,,,,Some experience,,Some experience,Some experience,Completed multiple projects/courses,Completed multiple projects/courses,,,,,,Completed one project/course,Completed one project/course,Completed multiple projects/courses,Some experience,Completed one project/course,Some experience,,Completed multiple projects/courses,,,4,4,5,3,5,5,5,3,4,5,5,3,true,false,,59e790c9065b993ff9e118d1
133,,,,,,,,,,,,,,,,,,,,,,,,,,Sports,,Finance,,Health,,,Music,,,,,Front-end Engineer,Back-end Engineer,Data Scientist,,,,,,Completed one project/course,,,Some experience,,Some experience,,Some experience,,,,Completed multiple projects/courses,Completed one project/course,Completed one project/course,,Completed multiple projects/courses,,,,,,3,2,3,2,5,5,5,5,4,5,4,5,true,false,,59e79957065b993ff9e118d2
134,,,,,,,,,,,,,,,,,,,,,,,,,,,,Finance,,Health,Travel,,,,Social Issues,,,,,,Designer,,,,,Completed one project/course,Completed one project/course,Some experience,,,,,,,,,Completed multiple projects/courses,Completed one project/course,Completed one project/course,,,,,Completed one project/course,,,5,5,4,4,3,5,3,5,4,5,5,5,true,false,,59e7e386065b993ff9e118dc
135,,,,,,,,,,,,,,,,,,,,,,,,,,,,,,,,,,,,,,,,,,,,,,Some experience,,,,Some experience,Some experience,Some experience,Some experience,,,,Some experience,,Some experience,Completed one project/course,,,,Completed one project/course,,,5,3,5,3,4,5,3,5,4,5,5,5,,,,59e7f955065b993ff9e118e1
136,,,,,,,,,,,,,,,,,,,,,,,,,,,,,,Health,,,,,Social Issues,,Neurosciencce ,,,Data Scientist,,,,,Some experience,Completed one project/course,Some experience,Some experience,Some experience,Completed multiple projects/courses,Some experience,Some experience,Completed multiple projects/courses,Some experience,,,Completed one project/course,Completed one project/course,Some experience,Some experience,Completed one project/course,,,Some experience,,,5,2,5,5,5,5,5,5,5,5,5,5,,true,true,59e80291065b993ff9e118e4
137,,,,,,,,,,,,,,,,,,,,,,,,,,,,,,,,,,,,,,,,,,,,,,,,,,,,,,,,,No experience,,,,Some experience,,,,,,,,,,,,,,,,,,,,,59e8af9e8dd4091849b4706f
138,,,,,,,,,,,,,,,,,,,,,,,,,,,,,,Health,,Entertainment,,,,Gaming,,,Back-end Engineer,,,,,,,Some experience,Some experience,Completed one project/course,Completed one project/course,Some experience,Completed multiple projects/courses,,Some experience,,,,,,,Completed multiple projects/courses,Completed multiple projects/courses,,,,,,5,4,4,4,4,3,5,2,4,5,4,4,,true,false,59e8b4b78dd4091849b47070
139,,,,,,,,,,,,,,,,,,,,,,,,,,Sports,,,,,,Entertainment,Music,,,Gaming,,,Back-end Engineer,,,,,,Some experience,Some experience,Some experience,,,,Completed one project/course,,Some experience,Some experience,,,Some experience,Some experience,Completed one project/course,,Completed multiple projects/courses,,,,Some experience,,5,3,4,4,5,3,3,4,3,5,4,3,true,false,,59e8b7e18dd4091849b47073
140,,,,,,,,,,,,,,,,,,,,,,,,,,,,,,,,,,,,,,,,,,,,,,,,,,,,,,,,,,Some experience,,,Some experience,,,,,,3,3,3,2,5,5,,4,,4,3,2,,,,59e8e4198dd4091849b47078
141,,,,,,,,,,,,,,,,,,,,,,,,,,,,,,,,Entertainment,,,Social Issues,Gaming,,Front-end Engineer,Back-end Engineer,,,,,,,Completed one project/course,Some experience,Some experience,,Some experience,Completed one project/course,Completed one project/course,Some experience,Some experience,,,Completed one project/course,Completed one project/course,,Completed multiple projects/courses,Some experience,,Completed one project/course,,,,3,2,4,5,4,4,,5,2,5,4,4,true,false,,59e8f5448dd4091849b47079
142,,,,,,,,,,,,,,,,,,,,,,,,,Fashion,,Arts,Finance,Politics,Health,Travel,Entertainment,Music,Economics,Social Issues,Gaming,,Front-end Engineer,Back-end Engineer,Data Scientist,Designer,,,,,Some experience,,Some experience,No experience,,No experience,,,,Work with API,,Some experience,,Some experience,,Completed one project/course,,,,,,4,4,3,4,5,5,2,5,4,5,5,3,true,false,,59e8f6298dd4091849b4707a
143,,,,,,,,,,,,,,,,,,,,,,,,,Fashion,,,Finance,,Health,,,,Economics,,,,Front-end Engineer,Back-end Engineer,,,,,,,Some experience,,,,,,Some experience,,,,,Some experience,,Completed one project/course,,Some experience,,,Some experience,,,5,3,2,3,,5,,5,4,5,4,3,true,false,,59e917828dd4091849b4707f
144,,,,,,,,,,,,,,,,,,,,,,,,,,,,Finance,,,,,,,Social Issues,,,Front-end Engineer,Back-end Engineer,Data Scientist,,,,,,Completed multiple projects/courses,Completed one project/course,No experience,,,Some experience,,Some experience,,,,Completed multiple projects/courses,Completed multiple projects/courses,Completed one project/course,,,,,,Some experience,,5,5,4,5,4,5,3,5,5,5,3,3,true,false,,59e92b258dd4091849b47081
145,,,,,,,,,,,,,,,,,,,,,,,,,,,,Finance,,,,,,Economics,,Gaming,Technologies,Front-end Engineer,Back-end Engineer,,,iOS,,,,,,,,,,,,,,,,,,Some experience,Some experience,,,,,Pascal,4,3,3,2,4,5,5,5,4,4,4,4,true,false,,59e930528dd4091849b47082
146,,,,,,,,,,,,,,,,,,,,,,,,,,,,,,,,Entertainment,,Economics,Social Issues,Gaming,,,Back-end Engineer,,,,,,Some experience,,,,,,Completed one project/course,,Some experience,Some experience,,,,,Completed one project/course,,,,,,,,4,3,5,4,4,5,2,3,4,3,3,3,true,false,,59e949ff8dd4091849b47085
147,,,,,,,,,,,,,,,,,,,,,,,,,,,,,,Health,,,,,Social Issues,,,,,,,,,,,,,Some experience,Completed multiple projects/courses,Some experience,Some experience,,Completed multiple projects/courses,Completed one project/course,,Some experience,No experience,,Some experience,Completed one project/course,Completed multiple projects/courses,,,,Some experience,,4,3,4,2,5,4,3,5,4,5,4,5,true,false,,59e9537b8dd4091849b47088
148,BU,,,,,,,,,,,3,,,,,,,,,,,,,Fashion,,,Finance,,Health,,,,Economics,,,,Front-end Engineer,Back-end Engineer,,,,,,Some experience,Completed multiple projects/courses,Completed multiple projects/courses,Some experience,Some experience,Completed multiple projects/courses,Some experience,,Some experience,Completed multiple projects/courses,,,Completed multiple projects/courses,Completed multiple projects/courses,Completed one project/course,Some experience,Completed multiple projects/courses,Some experience,Completed multiple projects/courses,Completed multiple projects/courses,,,4,4,4,4,5,5,3,4,3,4,4,4,false,false,true,59e9554c8dd4091849b47089
149,,,,,,,,,,,,,,,,,,,,,,,,,,,,,,,,,,,,Gaming,,,,,,,,,,,,,,,,,,,,,,,,,,,,,,,,,,,,,,,,,,,,true,true,59ea1a3e8dd4091849b47094
150,,,,,,,,,,,,,,,,,,,,,,,,,,,,Finance,,Health,Travel,,,,Social Issues,,,Front-end Engineer,,Data Scientist,Designer,iOS,,,,Completed multiple projects/courses,,Completed multiple projects/courses,Some experience,Some experience,,No experience,,,,,Some experience,,Completed one project/course,,Completed one project/course,,,Completed multiple projects/courses,,,3,3,4,4,5,2,,5,2,2,3,4,true,false,,59ea33c28dd4091849b4709b
151,,,,,,,,,,,,,,,,,,,,,,,,,,,,Finance,,Health,,Entertainment,,,,Gaming,,,,Data Scientist,,,,,,,,Some experience,,Some experience,Some experience,Some experience,Some experience,,,,,Completed one project/course,,Some experience,,,Some experience,,,,4,3,3,3,5,4,2,4,4,4,4,3,true,false,,59eafb8d8dd4091849b470ac
152,,,,,,,,,,,,,,,,,,,,,,,,,,,,Finance,,,,,,Economics,,Gaming,,Front-end Engineer,Back-end Engineer,,,,Android,,Some experience,Completed multiple projects/courses,Completed one project/course,,,Some experience,Completed one project/course,No experience,Completed one project/course,Some experience,,Completed one project/course,Completed multiple projects/courses,Completed multiple projects/courses,Some experience,Completed multiple projects/courses,Completed multiple projects/courses,Some experience,Completed multiple projects/courses,Completed multiple projects/courses,,,5,4,4,4,5,5,3,5,3,4,4,4,true,false,,59ebc06d8dd4091849b470b2
153,,,,,,,,,,,,,,,,,,,,,,,,,Fashion,,,,,Health,,,,Economics,Social Issues,Gaming,,,,,,,,I have no experience with this whatsoever.,,,,,,,,,Some experience,,,,,,Some experience,,Completed one project/course,,,,,,4,2,,3,4,5,2,3,3,3,3,2,true,false,,59ebc3d98dd4091849b470b3
154,,,,,,,,,,,,,,,,,,,,,,,,,,,,,,,,,,,,,,,,,,,,,,No experience,,No experience,No experience,,,,,,,,,,,,Completed one project/course,,,,,,4,4,3,4,5,5,3,5,3,4,3,3,,,,59ebdb9e8dd4091849b470b9
155,,,,,,,,,,,,,,,,,,,,,,,,,,Sports,,,,Health,,,,Economics,,Gaming,,Front-end Engineer,Back-end Engineer,,,,,,,,,,,,,,,,,,Some experience,Some experience,Some experience,Some experience,Some experience,,,Some experience,,,4,3,3,3,3,3,3,4,4,4,4,4,,true,false,59ec24e6678f9e39fd109d7a
156,,,,,,,,,,,,,,,,,,,,,,,,,Fashion,Sports,,,,Health,Travel,Entertainment,Music,,,,,,Back-end Engineer,,,,Android,,,Some experience,Completed one project/course,,,Some experience,Some experience,,Some experience,Completed one project/course,,,Completed one project/course,Completed one project/course,Completed multiple projects/courses,Some experience,,,,Completed one project/course,,,3,3,3,3,3,4,3,4,4,4,4,4,,true,false,59eccec3678f9e39fd109d85
157,,,,,,,,,,,,,,,,,,,,,,,,,,Sports,,Finance,,,Travel,Entertainment,,,Social Issues,,,,Back-end Engineer,,Designer,,,,,Completed multiple projects/courses,Some experience,,Some experience,Some experience,Completed one project/course,No experience,,,,,Completed multiple projects/courses,Completed multiple projects/courses,Completed multiple projects/courses,Completed multiple projects/courses,Completed multiple projects/courses,,,Completed multiple projects/courses,,,4,4,4,4,3,4,2,4,5,4,3,4,true,true,false,59eccfcf678f9e39fd109d86
158,,,,,,,,,,,,,,,,,,,,,,,,,,Sports,,,,Health,Travel,,,,Social Issues,,,Front-end Engineer,Back-end Engineer,Data Scientist,,,Android,,Some experience,Completed one project/course,Completed multiple projects/courses,Completed multiple projects/courses,Completed one project/course,Completed one project/course,Completed one project/course,Some experience,Some experience,Completed multiple projects/courses,,,Completed multiple projects/courses,Completed one project/course,Completed multiple projects/courses,Completed one project/course,Completed multiple projects/courses,No experience,Completed multiple projects/courses,Completed one project/course,,,4,2,4,3,4,5,5,5,5,5,4,5,true,false,,59ed1a12678f9e39fd109d92
159,,,,,,,,,,,,,,,,,,,,,,,,,,,,Finance,,Health,Travel,,,Economics,,,,,Back-end Engineer,,,,,,,Completed multiple projects/courses,Some experience,Some experience,Some experience,,Some experience,,,,,,Completed one project/course,Completed one project/course,Some experience,Some experience,Completed multiple projects/courses,,,Completed one project/course,,,5,4,4,4,4,5,4,5,5,5,4,5,true,false,,59ed8a92678f9e39fd109da2
160,,,,,,,,,,,,,,,,,,,,,,,,,,,Arts,,Politics,,,Entertainment,Music,,,Gaming,,Front-end Engineer,,,Designer,iOS,Android,,Some experience,,Some experience,,,,Some experience,,Some experience,,,,,,Completed multiple projects/courses,Some experience,Completed one project/course,Some experience,Some experience,,,,4,3,3,2,3,4,3,2,3,3,3,3,,false,,59ee3ada678f9e39fd109daf
161,,,,,,,,,,,,,,,,,,,,,,,,,,,,,,,,,,,,,,,,,,,,,,Completed one project/course,Some experience,Completed one project/course,Completed one project/course,Some experience,Completed one project/course,,Completed multiple projects/courses,Completed one project/course,,,Completed one project/course,Completed one project/course,Completed one project/course,Some experience,Completed one project/course,No experience,,,Some experience,,5,5,5,5,5,5,5,5,5,5,5,5,,true,false,59ee3cd8678f9e39fd109db0
162,,,,,,,,,,,,,,,,,,,,,,,,,,,Arts,,,,Travel,Entertainment,Music,,Social Issues,,,,,,,,,,Some experience,,,,,,Some experience,,Some experience,,,,,,,Some experience,No experience,,No experience,,,,4,3,4,4,4,5,,3,4,4,4,3,false,false,,59ee4692678f9e39fd109db4
163,,,,,,,,,,,,,,,,,,,,,,,,,,,,,,Health,,,,,,Gaming,,Front-end Engineer,Back-end Engineer,,Designer,iOS,Android,,,,,,,,,,,,,,,,,,,,,,,,,,,,,,,,,,,,,,,59ee5356678f9e39fd109db6
